,Epoch,Train_Loss,Test_Loss
0,1,6050.012986616654,6267.235616048177
